url,status_code,content_type,lang,title,h1,canonical,canonical_status,meta_robots,description,og_title,inlinks_count
"https://devlo.ch/","200","text/html; charset=UTF-8","fr-FR","Agence de prospection commerciale B2B: Démarchage de Nouveaux Prospects Qualifiés - devlo","Votre Agence B2B de prospection commerciale pour vos ventes: Télémarketing & Lead Generation","https://devlo.ch/","self","index, follow, max-image-preview:large, max-snippet:-1, max-video-preview:-1","🎯 Agence B2B spécialisée en prospection commerciale et télémarketing. Générez des rendez-vous qualifiés avec vos prospects. +1'000 campagnes réussies. Consultation gratuite.","Démarchage de Prospects B2B Qualifiés: Votre Partenaire de Confiance pour la Prospection Commerciale","40"
"https://devlo.ch/telephone","301","text/html; charset=UTF-8","","","","","missing","","","","38"
"https://devlo.ch/academy-notre-appel/","200","text/html; charset=UTF-8","fr-FR","Commerciaux B2B: formation prospection commerciale LinkedIn, emails et appels: notre rendez-vous","Parcourons vos besoins pour atteindre vos objectifs de croissance.","https://devlo.ch/academy-notre-appel/","self","index, follow, max-image-preview:large, max-snippet:-1, max-video-preview:-1","Notre rendez-vous pour la formation de commerciaux: prospection commerciale B2B via LinkedIn, email et appel (sans engagement et gratuit).","Formation en ligne pour Commerciaux B2B: notre rendez-vous","40"
"https://devlo.ch/formation-prospection-b2b/","200","text/html; charset=UTF-8","fr-FR","Formation accélérée pour Commerciaux B2B [2024]: génération de prospects et prospection","Augmentez vos ventes B2B","https://devlo.ch/formation-prospection-b2b/","self","index, follow, max-image-preview:large, max-snippet:-1, max-video-preview:-1","Formez vos commerciaux B2B, SDRs et BDRs aux dernières techniques de développement commercial: génération de prospects, campagnes, démarchage, télémarketing","Formation pour vos commerciaux B2B: prospection commerciale","40"
"https://devlo.ch/en/","200","text/html; charset=UTF-8","en-US","B2B cold outreach agency: prospecting new qualified leads - devlo","Your B2B sales prospecting agency for your sales: Telemarketing & Lead generation","https://devlo.ch/en/","self","index, follow, max-image-preview:large, max-snippet:-1, max-video-preview:-1","B2B agency specializing in sales prospecting and telemarketing. Generate qualified appointments with your prospects. Over 1,000 successful campaigns. Free consultation.","Delegate your B2B Sales development and meet more qualified sales leads: lead generation, outreach, qualification, etc.","39"
"https://devlo.ch/de/","200","text/html; charset=UTF-8","de-DE","B2B-Agentur für Kaltakquise: Suche nach neuen qualifizierten Leads – devlo","Ihre B2B-Agentur für die Akquise von Neukunden für Ihren Vertrieb: Telemarketing & Lead-Generierung","https://devlo.ch/de/","self","index, follow, max-image-preview:large, max-snippet:-1, max-video-preview:-1","B2B-Agentur, spezialisiert auf Akquise und Telemarketing. Generieren Sie qualifizierte Termine mit Ihren potenziellen Kunden. Über 1.000 erfolgreiche Kampagnen. Kostenlose Beratung.","Akquise von qualifizierten B2B-Leads: Ihr vertrauenswürdiger Partner für die Kundengewinnung.","39"
"https://devlo.ch/resultats-cas-etudes/","200","text/html; charset=UTF-8","fr-FR","Résultats & études de cas: notre agence de prospection aide ces entreprises B2B","RÉSULTATS & ÉTUDES DE CAS","https://devlo.ch/resultats-cas-etudes/","self","index, follow, max-image-preview:large, max-snippet:-1, max-video-preview:-1","Découvrez les résultats et études de cas de ces campagnes de prospection commerciale. Ces entreprises B2B rencontrent des prospects qualifiés grâce à notre agence.","Résultats & études de cas: notre agence de prospection aide ces entreprises B2B","40"
"https://devlo.ch/blog-list/","200","text/html; charset=UTF-8","fr-FR","devlo Blog - Agence Prospection B2B Suisse | +200 Leads/Mois | devlo","Améliorer votre acquisition client B2B.","https://devlo.ch/blog-list/","self","index, follow, max-image-preview:large, max-snippet:-1, max-video-preview:-1","Découvrez le blog devlo pour des conseils sur le développement commercial, la génération de prospects et les tendances télémarketing.","Blog list","38"
"https://devlo.ch/telephone/","200","text/html; charset=UTF-8","fr-FR","Entreprise de prospection commerciale B2B: Génération de rendez-vous","Définissons les attributs du profil de votre client idéal (ICP), ou Buyer Persona.","https://devlo.ch/telephone/","self","index, follow, max-image-preview:large, max-snippet:-1, max-video-preview:-1","Rencontre gratuite et sans engagement pour discuter de votre stratégie de prospection commerciale B2B pour obtenir des prospects qualifiés.","Notre appel","40"
"https://devlo.ch/resultats/biocarburants-52-rendez-vous/","200","text/html; charset=UTF-8","fr-FR","Comment identifier les meilleurs prospects parmi plusieurs Ideal Customer Profiles (ICP) grâce à des campagnes de prospection commerciale? - Agence Prospection B2B Suisse | +200 Leads/Mois | devlo","Comment identifier les meilleurs prospects parmi plusieurs Ideal Customer Profiles (ICP) grâce à des campagnes de prospection commerciale?","https://devlo.ch/resultats/biocarburants-52-rendez-vous/","self","index, follow, max-image-preview:large, max-snippet:-1, max-video-preview:-1","Campagnes de prospection B2B (multicanales & personnalisées): Comment identifier les meilleurs prospects parmi plusieurs ICP via notre méthodologie.","Comment identifier les meilleurs prospects parmi plusieurs Ideal Customer Profiles (ICP) grâce à des campagnes de prospection commerciale?","5"
"https://devlo.ch/resultats/proprete-urbaine-71-rendez-vous/","200","text/html; charset=UTF-8","fr-FR","Comment cette société de gestion du nettoyage a obtenu 71 rendez-vous qualifiés avec des décideurs B2B dans les plus grandes villes de Suisse, France et Belgique. - Agence Prospection B2B Suisse | +200 Leads/Mois | devlo","Comment cette société de gestion du nettoyage a obtenu 71 rendez-vous qualifiés avec des décideurs B2B dans les plus grandes villes de Suisse, France et Belgique.","https://devlo.ch/resultats/proprete-urbaine-71-rendez-vous/","self","index, follow, max-image-preview:large, max-snippet:-1, max-video-preview:-1","Agence de Prospection Commerciale et de Génération de prospects B2B: Comment cette entreprise a obtenu 71 rendez-vous qualifiés avec des villes d'Europe.","Comment cette société de gestion du nettoyage a obtenu 71 rendez-vous qualifiés avec des décideurs B2B dans les plus grandes villes de Suisse, France et Belgique.","5"
"https://devlo.ch/resultats/mobilite-40-prospects/","200","text/html; charset=UTF-8","fr-FR","+40 prospects intéressés sur 286 entreprises prospectées par e-mail, appels téléphoniques et prospection LinkedIn - Agence Prospection B2B Suisse | +200 Leads/Mois | devlo","+40 prospects intéressés sur 286 entreprises prospectées par e-mail, appels téléphoniques et prospection LinkedIn","https://devlo.ch/resultats/mobilite-40-prospects/","self","index, follow, max-image-preview:large, max-snippet:-1, max-video-preview:-1","Agence de Prospection Commerciale B2B: comment ce client a rencontré +40 prospects qualifiés (séquences d'e-mails, appels, démarchage LinkedIn)","+40 prospects intéressés sur 286 entreprises prospectées par e-mail, appels téléphoniques et prospection LinkedIn","5"
"https://devlo.ch/resultats/biodiversite-70-rendez-vous/","200","text/html; charset=UTF-8","fr-FR","Comment cette association a externalisé son acquisition de clients et obtenu 70 rendez-vous qualifiés avec des entreprises comme l'UEFA, TAG Heuer, Rothschild, etc. - Agence Prospection B2B Suisse | +200 Leads/Mois | devlo","Comment cette association a externalisé son acquisition de clients et obtenu 70 rendez-vous qualifiés avec des entreprises comme l’UEFA, TAG Heuer, Rothschild, etc.","https://devlo.ch/resultats/biodiversite-70-rendez-vous/","self","index, follow, max-image-preview:large, max-snippet:-1, max-video-preview:-1","Agence de prospection: Comment cette entreprise B2B a externalisé son acquisition clients et obtenu 70 rendez-vous qualifiés avec des décideurs.","Comment cette association a externalisé son acquisition de clients et obtenu 70 rendez-vous qualifiés avec des entreprises comme l'UEFA, TAG Heuer, Rothschild, etc.","5"
"https://devlo.ch/resultats/cybersecurite-4500-entreprises/","200","text/html; charset=UTF-8","fr-FR","Cybersécurité B2B: Agence de prospection commerciale email et téléphonique - Agence Prospection B2B Suisse | +200 Leads/Mois | devlo","Cybersécurité B2B: Agence de prospection commerciale email et téléphonique","https://devlo.ch/resultats/cybersecurite-4500-entreprises/","self","index, follow, max-image-preview:large, max-snippet:-1, max-video-preview:-1","Cybersécurité B2B: Agence de prospection commerciale email et téléphonique. Génération de prospects et démarchage pour prise de rendez-vous","Cybersécurité B2B: Agence de prospection commerciale email et téléphonique","5"
"https://devlo.ch/resultats/audiovisuel-16-rendez-vous/","200","text/html; charset=UTF-8","fr-FR","Agence Prospection B2B Suisse | +200 Leads/Mois | devlo - Génération de prospects qualifiés pour cet intégrateur audiovisuel","Comment cet intégrateur audiovisuel a obtenu 16 rendez-vous qualifiés grâce à notre agence de prospection commerciale B2B","https://devlo.ch/resultats/audiovisuel-16-rendez-vous/","self","index, follow, max-image-preview:large, max-snippet:-1, max-video-preview:-1","Découvrez la séquence multicanal lemlist de cet intégrateur audiovisuel. Génération de prospects et rendez-vous qualifiés par notre Agence de Prospection B2B.","Comment cet intégrateur audiovisuel a obtenu 16 rendez-vous qualifiés grâce à notre agence de prospection commerciale B2B","5"
"https://devlo.ch/resultats/immobilier-11-prospects/","200","text/html; charset=UTF-8","fr-FR","L’immobilier et la prospection commerciale B2B: comment cibler et démarcher des prospects pour la location de surfaces commerciales - Agence Prospection B2B Suisse | +200 Leads/Mois | devlo","L’immobilier et la prospection commerciale B2B: comment cibler et démarcher des prospects pour la location de surfaces commerciales","https://devlo.ch/resultats/immobilier-11-prospects/","self","index, follow, max-image-preview:large, max-snippet:-1, max-video-preview:-1","L’immobilier et la prospection commerciale B2B: comment cibler et démarcher des prospects pour la location de surfaces commerciales","L’immobilier et la prospection commerciale B2B: comment cibler et démarcher des prospects pour la location de surfaces commerciales","7"
"https://devlo.ch/resultats/formation-14-rendez-vous/","200","text/html; charset=UTF-8","fr-FR","Planification de Rendez-vous B2B avec Décideurs “formation & développement des compétences” (L&D): 45% des prospects répondent [Agence de Prospection Commerciale B2B] - Agence Prospection B2B Suisse | +200 Leads/Mois | devlo","Planification de Rendez-vous B2B avec Décideurs “formation & développement des compétences” (L&D): 45% des prospects répondent [Agence de Prospection Commerciale B2B]","https://devlo.ch/resultats/formation-14-rendez-vous/","self","index, follow, max-image-preview:large, max-snippet:-1, max-video-preview:-1","Découvrez comment nous avons pris des rendez-vous qualifiés avec des décideurs suisses en matière de R&D et comment nous avons obtenu un taux de réponse impressionnant de 45 % à notre campagne d'information à froid.","Planification de Rendez-vous B2B avec Décideurs “formation & développement des compétences” (L&D): 45% des prospects répondent [Agence de Prospection Commerciale B2B]","5"
"https://devlo.ch/resultats/hr-54-rendez-vous-dach/","200","text/html; charset=UTF-8","fr-FR","Stratégie unique de génération de prospects B2B : Comment CareerLunch a obtenu 54 rendez-vous dans la région DACH alors que la plupart des entreprises avaient déjà été contactées - Agence Prospection B2B Suisse | +200 Leads/Mois | devlo","Stratégie unique de génération de prospects B2B : Comment CareerLunch a obtenu 54 rendez-vous dans la région DACH alors que la plupart des entreprises avaient déjà été contactées","https://devlo.ch/resultats/hr-54-rendez-vous-dach/","self","index, follow, max-image-preview:large, max-snippet:-1, max-video-preview:-1","Agence de Prospection Commerciale B2B: Comment cette entreprise a obtenu 54 rendez-vous qualifiés (région DACH) via séquences multichannel lemlist","Stratégie unique de génération de prospects B2B : Comment CareerLunch a obtenu 54 rendez-vous dans la région DACH alors que la plupart des entreprises avaient déjà été contactées","5"
"https://devlo.ch/resultats/merchandising-23-prospects/","200","text/html; charset=UTF-8","fr-FR","Comment cette société de merchandising a obtenu 70% de réponses et 8% de meetings avec leurs prospects grâce à cette séquence de prospection commerciale B2B - Agence Prospection B2B Suisse | +200 Leads/Mois | devlo","Comment cette société de merchandising a obtenu 70% de réponses et 8% de meetings avec leurs prospects grâce à cette séquence de prospection commerciale B2B","https://devlo.ch/resultats/merchandising-23-prospects/","self","index, follow, max-image-preview:large, max-snippet:-1, max-video-preview:-1","Comment cette société de merchandising a obtenu 70% de réponses et 8% de meetings avec leurs prospects grâce à cette séquence de prospection commerciale B2B","Comment cette société de merchandising a obtenu 70% de réponses et 8% de meetings avec leurs prospects grâce à cette séquence de prospection commerciale B2B","5"
"https://devlo.ch/resultats/immobilier-30-prospects/","200","text/html; charset=UTF-8","fr-FR","Télémarketing B2B dans l’immobilier Suisse:+30 prospects intéressés pour un rendez-vous - Agence Prospection B2B Suisse | +200 Leads/Mois | devlo","Télémarketing B2B dans l’immobilier Suisse:+30 prospects intéressés pour un rendez-vous","https://devlo.ch/resultats/immobilier-30-prospects/","self","index, follow, max-image-preview:large, max-snippet:-1, max-video-preview:-1","Découvrez comment HIAG a généré des prospects qualifiés pour Fahrwerk Winterthur grâce à une stratégie de prospection B2B ciblée et multilingue.","Télémarketing B2B dans l’immobilier Suisse:+30 prospects intéressés pour un rendez-vous","16"
"https://devlo.ch/resultats/logiciel-comptable-200k-ca/","200","text/html; charset=UTF-8","fr-FR","Comment nous avons aidé un éditeur de logiciel comptable à conclure 200'000 € de contrats en Belgique grâce à une stratégie outbound multicanale ciblée - Agence Prospection B2B Suisse | +200 Leads/Mois | devlo","Comment nous avons aidé un éditeur de logiciel comptable à conclure 200’000 € de contrats en Belgique grâce à une stratégie outbound multicanale ciblée","https://devlo.ch/resultats/logiciel-comptable-200k-ca/","self","index, follow, max-image-preview:large, max-snippet:-1, max-video-preview:-1","Découvrez comment ce logiciel de comptabilité a obtenu €200K de nouveaux contrats via 80 rendez-vous qualifiés avec des cabinets comptables.","Comment nous avons aidé un éditeur de logiciel comptable à conclure 200'000 € de contrats en Belgique grâce à une stratégie outbound multicanale ciblée","16"
"https://devlo.ch/notrerendez-vous/","200","text/html; charset=UTF-8","fr-FR","Prospection commerciale B2B: Explorez nos stratégies pour maximiser votre ROI.","Définissons les attributs du profil de votre client idéal (ICP), ou Buyer Persona.","https://devlo.ch/notrerendez-vous/","self","index, follow, max-image-preview:large, max-snippet:-1, max-video-preview:-1","Maximiser le ROI de votre prospection commerciale B2B. Prenons rendez-vous pour explorer les résultats de nos clients et leurs stratégies (LinkedIn, emails, appels)","Notre rendez-vous","39"
"https://devlo.ch/terms/","200","text/html; charset=UTF-8","fr-FR","Conditions d'utilisation - Agence de Prospection Commerciale B2B","Terms of Service","https://devlo.ch/terms/","self","index, follow, max-image-preview:large, max-snippet:-1, max-video-preview:-1","Découvrez les règles de Devlo et informez-vous sur nos politiques de données concernant les conditions et la confidentialité.","Terms of service","40"
"https://devlo.ch/en/academy-our-call/","200","text/html; charset=UTF-8","en-US","B2B sales prospecting training (LinkedIn, emails, and calls): our call","Let's look at your needs to achieve your growth goals.","https://devlo.ch/en/academy-our-call/","self","index, follow, max-image-preview:large, max-snippet:-1, max-video-preview:-1","Empower your sales reps with B2B prospecting training (using LinkedIn, cold email and call: discovery call, no obligation and free.","Formation en ligne pour Commerciaux B2B: notre rendez-vous","39"
"https://devlo.ch/de/akademie-unser-ruf/","200","text/html; charset=UTF-8","de-DE","B2B-Verkaufsmitarbeiter: Verkaufsförderungstraining LinkedIn, E-Mails und Anrufe: unser Termin","Lassen Sie uns Ihre Bedürfnisse durchgehen, um Ihre Wachstumsziele zu erreichen.","https://devlo.ch/de/akademie-unser-ruf/","self","index, follow, max-image-preview:large, max-snippet:-1, max-video-preview:-1","Befähigen Sie Ihre Vertriebsmitarbeiter mit einem B2B-Prospecting-Training (mit LinkedIn, Kaltakquise per E-Mail und Anruf: unverbindlicher und kostenloser Entdeckungsbesuch).","Formation en ligne pour Commerciaux B2B: notre rendez-vous","39"
"https://devlo.ch/en/b2b-sales-training-academy/","200","text/html; charset=UTF-8","en-US","B2B SDR/BDR Sales Training [2025]: Lead Generation & Cold Outreach","Boost your B2B sales","https://devlo.ch/en/b2b-sales-training-academy/","self","index, follow, max-image-preview:large, max-snippet:-1, max-video-preview:-1","Train your B2B sales representatives, SDRs and BDRs in the latest sales development techniques: lead generation, campaigns, cold outreach, telemarketing, etc.","B2B sales prospecting online training: how to generate qualified leads and cold outreach","41"
"https://devlo.ch/de/ausbildung-prospektion-b2b/","200","text/html; charset=UTF-8","de-DE","B2B SDR/BDR Verkaufstraining 2024: Leadgenerierung, Kaltakquise zur Terminvereinbarung","Steigern Sie Ihren B2B-Verkauf","https://devlo.ch/de/ausbildung-prospektion-b2b/","self","index, follow, max-image-preview:large, max-snippet:-1, max-video-preview:-1","Schulen Sie Ihre B2B-Vertriebsmitarbeiter, SDRs und BDRs in den neuesten Techniken der Geschäftsentwicklung: Leadgenerierung, Kampagnen, Akquise, Telemarketing.","Training für Ihre B2B-Vertriebsmitarbeiter: Geschäftsentwicklung","39"
"https://devlo.ch/en/call/","200","text/html; charset=UTF-8","en-US","Lead generation agency: Your Partner for Appointment scheduling","Let's define the attributes of your ideal customer profile (ICP), or Buyer Persona.","https://devlo.ch/en/call/","self","index, follow, max-image-preview:large, max-snippet:-1, max-video-preview:-1","Let's schedule a free, no-obligation meeting to explore your B2B sales prospecting strategies for getting qualified leads.","Our call","39"
"https://devlo.ch/en/results_cas_studies/","200","text/html; charset=UTF-8","en-US","Results & case studies: our B2B Lead Generation agency helps these companies","RESULTS & CASE STUDIES","https://devlo.ch/en/results_cas_studies/","self","index, follow, max-image-preview:large, max-snippet:-1, max-video-preview:-1","Discover the results and case studies of these cold outreach campaigns. These B2B companies meet qualified prospects thanks to our prospecting agency.","Results & case studies: our B2B Lead Generation agency helps these companies","39"
"https://devlo.ch/en/blog/","200","text/html; charset=UTF-8","en-US","Blog - Agence Prospection B2B Suisse | +200 Leads/Mois | devlo","Blog","https://devlo.ch/en/blog/","self","index, follow, max-image-preview:large, max-snippet:-1, max-video-preview:-1","Enhance your B2B sales strategies with expert insights on lead generation and outreach trends from the devlo.ch blog. Find out more here!","Blog","40"
"https://devlo.ch/en/casestudy/biofuels-52-sales-meetings/","200","text/html; charset=UTF-8","en-US","How to identify the best prospects among several Ideal Customer Profiles (ICP) through sales prospecting campaigns? Swiss B2B Prospecting Agency | +200 Leads/Month | devlo","How can you identify the best prospects among several Ideal Customer Profiles (ICP) using sales prospecting campaigns?","https://devlo.ch/en/casestudy/biofuels-52-sales-meetings/","self","index, follow, max-image-preview:large, max-snippet:-1, max-video-preview:-1","B2B prospecting campaigns (multi-channel & personalized): How to identify the best prospects among several KPIs using our methodology.","How can you identify the best prospects among several Ideal Customer Profiles (ICP) using sales prospecting campaigns?","5"
"https://devlo.ch/en/casestudy/urban-cleanliness-71-meetings/","200","text/html; charset=UTF-8","en-US","How this cleaning management company secured 71 qualified appointments with B2B decision-makers in major cities across Switzerland, France, and Belgium. - Swiss B2B Prospecting Agency | +200 Leads/Month | devlo","How this Cleaning Management company got 71 meetings with top decision-makers in Switzerland, France, and Belgium’s biggest cities.","https://devlo.ch/en/casestudy/urban-cleanliness-71-meetings/","self","index, follow, max-image-preview:large, max-snippet:-1, max-video-preview:-1","B2B Sales Prospecting and Lead Generation Agency: How this company secured 71 qualified appointments with cities across Europe.","How this Cleaning Management company got 71 meetings with top decision-makers in Switzerland, France, and Belgium’s biggest cities.","5"
"https://devlo.ch/en/casestudy/mobility-40-prospects/","200","text/html; charset=UTF-8","en-US","+40 interested prospects out of 286 companies contacted via email, phone calls, and LinkedIn prospecting - Swiss B2B Prospecting Agency | +200 Leads/Month | devlo","+40 interested leads out of 286 companies prospected by e-mail, cold calls and LinkedIn outreach","https://devlo.ch/en/casestudy/mobility-40-prospects/","self","index, follow, max-image-preview:large, max-snippet:-1, max-video-preview:-1","B2B Sales Prospecting Agency: how this client met over 40 qualified leads (email sequences, calls, LinkedIn outreach)","+40 interested leads out of 286 companies prospected by e-mail, cold calls and LinkedIn outreach","5"
"https://devlo.ch/en/casestudy/biodiversity-70-meetings/","200","text/html; charset=UTF-8","en-US","How this association outsourced its customer acquisition and secured 70 qualified appointments with companies such as UEFA, TAG Heuer, Rothschild, etc. - Swiss B2B Prospecting Agency | +200 Leads/Month | devlo","How this association outsourced its customer acquisition and obtained 70 qualified appointments with companies such as UEFA, TAG Heuer and Rothschild.","https://devlo.ch/en/casestudy/biodiversity-70-meetings/","self","index, follow, max-image-preview:large, max-snippet:-1, max-video-preview:-1","Prospecting agency: How this B2B company outsourced its customer acquisition and obtained 70 qualified appointments with decision-makers.","How this association outsourced its customer acquisition and obtained 70 qualified appointments with companies such as UEFA, TAG Heuer and Rothschild.","5"
"https://devlo.ch/en/casestudy/cybersecurity-4500-companies/","200","text/html; charset=UTF-8","en-US","B2B Cybersecurity: Email and LinkedIn Sales Prospecting Agency - B2B Outbound Agency Switzerland | +200 Leads/Month | devlo","Cybersecurity B2B: Email, LinkedIn and cold call sales prospecting agency in cyber security","https://devlo.ch/en/casestudy/cybersecurity-4500-companies/","self","index, follow, max-image-preview:large, max-snippet:-1, max-video-preview:-1","Cybersecurity B2B: Email, LinkedIn and cold calls sales prospecting agency. Lead generation and appointment setting in cyber security","Cybersecurity B2B: Email, LinkedIn and cold call sales prospecting agency in cyber security","5"
"https://devlo.ch/en/casestudy/audiovisual-16-meetings/","200","text/html; charset=UTF-8","en-US","Swiss B2B Prospecting Agency | +200 Leads/Month | devlo - Generation of qualified leads for this audiovisual integrator","How this audiovisual integrator booked 16 qualified appointments thanks to our B2B sales prospecting agency","https://devlo.ch/en/casestudy/audiovisual-16-meetings/","self","index, follow, max-image-preview:large, max-snippet:-1, max-video-preview:-1","Discover the lemlist multichannel sequence of this audiovisual integrator. Our B2B prospecting agency generated qualified leads and appointments on their behalf.","How this audiovisual integrator booked 16 qualified appointments thanks to our B2B sales prospecting agency","5"
"https://devlo.ch/en/casestudy/commercial-real-estate-11-prospects/","200","text/html; charset=UTF-8","en-US","Real estate and B2B sales prospecting: how to target and approach prospects for commercial space rentals - Swiss B2B Prospecting Agency | +200 Leads/Month | devlo","Real estate and B2B sales prospecting: How this commercial building project gets tenants to rent the space in Fahrwerk Winterthur.","https://devlo.ch/en/casestudy/commercial-real-estate-11-prospects/","self","index, follow, max-image-preview:large, max-snippet:-1, max-video-preview:-1","Real estate and B2B sales prospecting: How this commercial building project gets tenants to rent the space in Fahrwerk Winterthur.","Real estate and B2B sales prospecting: How this commercial building project gets tenants to rent the space in Fahrwerk Winterthur.","7"
"https://devlo.ch/en/casestudy/learning-development-14-meetings/","200","text/html; charset=UTF-8","en-US","Scheduling B2B Appointments with Decision Makers in ""Training & Skills Development"" (L&D): 45% of Prospects Respond [B2B Sales Prospecting Agency] - Swiss B2B Prospecting Agency | +200 Leads/Month | devlo","Setting Appointments with Decision-makers in Learning and Development of Swiss Enterprises: half the leads responded to our prospecting sequence.","https://devlo.ch/en/casestudy/learning-development-14-meetings/","self","index, follow, max-image-preview:large, max-snippet:-1, max-video-preview:-1","Find out how we booked qualified appointments for Swiss L&D decision-makers and achieved an impressive 45% response rate to our cold outreach.","Scheduling B2B meetings with decision-makers in training & skills development (L&D): 50% of prospects respond [B2B Sales Leads: Outreach Agency & Lead Generation].","5"
"https://devlo.ch/en/casestudy/hr-54-meetings-dach/","200","text/html; charset=UTF-8","en-US","Unique B2B lead generation strategy: How CareerLunch secured 54 appointments in the DACH region when most companies had already been contacted - Swiss B2B Prospecting Agency | +200 Leads/Month | devlo","Unique B2B Lead Generation Strategy: How CareerLunch got 54 meetings in DACH while most organizations were already contacted in this region","https://devlo.ch/en/casestudy/hr-54-meetings-dach/","self","index, follow, max-image-preview:large, max-snippet:-1, max-video-preview:-1","B2B Sales Leads: Outreach Agency & Lead Generation - How this company obtained 54 qualified appointments (DACH region) via multichannel sequences lemlist","Unique B2B Lead Generation Strategy: How CareerLunch got 54 meetings in DACH while most organizations were already contacted in this region","5"
"https://devlo.ch/en/casestudy/merchandising-23-prospects/","200","text/html; charset=UTF-8","en-US","How this merchandising company achieved a 70% response rate and 8% meeting rate with its potential customers thanks to this B2B acquisition sequence – Agency for B2B acquisition Switzerland | +200 leads/month | devlo","How this merchandising company obtained 70% responses and 8% meetings with their prospects thanks to this B2B sales prospecting sequence","https://devlo.ch/en/casestudy/merchandising-23-prospects/","self","index, follow, max-image-preview:large, max-snippet:-1, max-video-preview:-1","How this merchandising company obtained 70% responses and 8% meetings with their prospects thanks to this B2B sales prospecting sequence","How this merchandising company obtained 70% responses and 8% meetings with their prospects thanks to this B2B sales prospecting sequence","5"
"https://devlo.ch/en/casestudy/real-estate-30-prospects/","200","text/html; charset=UTF-8","en-US","B2B telemarketing in Swiss real estate: +30 prospects interested in an appointment - Swiss B2B Prospecting Agency | +200 Leads/Month | devlo","B2B telemarketing in the Swiss property sector:+30 prospects interested in making an appointment","https://devlo.ch/en/casestudy/real-estate-30-prospects/","self","index, follow, max-image-preview:large, max-snippet:-1, max-video-preview:-1","Découvrez comment HIAG a généré des prospects qualifiés pour Fahrwerk Winterthur grâce à une stratégie de prospection B2B ciblée et multilingue.","B2B telemarketing in the Swiss property sector:+30 prospects interested in making an appointment","16"
"https://devlo.ch/en/casestudy/accounting-200k-revenue/","200","text/html; charset=UTF-8","en-US","How we helped an accounting software publisher secure €200,000 in contracts in Belgium thanks to a targeted multi-channel outbound strategy - Swiss B2B Prospecting Agency | +200 Leads/Month | devlo","How we helped an Accounting Software Company close €200k in deals in Belgium through targeted multi-channel outbound","https://devlo.ch/en/casestudy/accounting-200k-revenue/","self","index, follow, max-image-preview:large, max-snippet:-1, max-video-preview:-1","Discover how this accounting software secured €200K in new contracts through 80 qualified appointments with accounting firms.","How we helped an Accounting Software Company close €200k in deals in Belgium through targeted multi-channel outbound","16"
"https://devlo.ch/en/our-call/","200","text/html; charset=UTF-8","en-US","B2B sales prospecting: Explore our strategies to maximize your ROI.","Let's define the attributes of your ideal customer profile (ICP), or Buyer Persona.","https://devlo.ch/en/our-call/","self","index, follow, max-image-preview:large, max-snippet:-1, max-video-preview:-1","Maximize the ROI of your B2B sales prospecting. Let's discuss and explore our clients' results and their winning strategies (LinkedIn, emails, calls).","Let's talk about your B2B sales","39"
"https://devlo.ch/en/terms/","200","text/html; charset=UTF-8","en-US","Terms of Service - B2B Sales Prospecting Agency","Terms of Service","https://devlo.ch/en/terms/","self","index, follow, max-image-preview:large, max-snippet:-1, max-video-preview:-1","Discover devlo.ch's comprehensive Terms of Service to resolve any concerns or questions, and reach out to us for assistance and guidance.","Terms of service","39"
"https://devlo.ch/de/telefonanruf/","200","text/html; charset=UTF-8","de-DE","B2B Lead Generierungsagentur: Ihr Partner für Terminvereinbarungen","Definieren Sie die Attribute des Profils Ihres idealen Kunden (ICP) oder der Buyer Persona.","https://devlo.ch/de/telefonanruf/","self","index, follow, max-image-preview:large, max-snippet:-1, max-video-preview:-1","Lassen Sie uns ein kostenloses und unverbindliches Treffen vereinbaren, um Ihre B2B-Geschäftsstrategien zur Gewinnung qualifizierter Leads zu erkunden.","Unser Anruf","39"
"https://devlo.ch/de/ergebnisse_fall_studien/","200","text/html; charset=UTF-8","de-DE","Ergebnisse & Fallstudien: Unsere B2B-Lead-Generierungsagentur hilft diesen Unternehmen","ERGEBNISSE & FALLSTUDIEN","https://devlo.ch/de/ergebnisse_fall_studien/","self","index, follow, max-image-preview:large, max-snippet:-1, max-video-preview:-1","Erfahren Sie mehr über die Ergebnisse und Fallstudien dieser Kampagnen zur Geschäftsanbahnung. Diese B2B-Unternehmen treffen dank unserer Agentur auf qualifizierte Interessenten.","Ergebnisse & Fallstudien: Unsere B2B-Lead-Generierungsagentur hilft diesen Unternehmen","39"
"https://devlo.ch/de/blog/","200","text/html; charset=UTF-8","de-DE","Blog - Agence Prospection B2B Suisse | +200 Leads/Mois | devlo","Blog","https://devlo.ch/de/blog/","self","index, follow, max-image-preview:large, max-snippet:-1, max-video-preview:-1","Erfahren Sie im devlo.ch-Blog wertvolle Tipps zur Entwicklung von B2B-Verkäufen, Lead-Generierung und aktuellen Outreach-Trends.","Blog","40"
"https://devlo.ch/de/fallstudien/biokraftstoffe-52-termine/","200","text/html; charset=UTF-8","de-DE","Wie lassen sich durch Vertriebsakquise-Kampagnen die besten Interessenten unter mehreren idealen Kundenprofilen (ICP) identifizieren? Schweizer B2B-Akquiseagentur | +200 Leads/Monat | devlo","Wie können Sie mit Hilfe von Prospektionskampagnen die besten potenziellen Kunden unter mehreren idealen Kundenprofilen (ICP) identifizieren?","https://devlo.ch/de/fallstudien/biokraftstoffe-52-termine/","self","index, follow, max-image-preview:large, max-snippet:-1, max-video-preview:-1","B2B-Leading-Kampagnen (Multichannel & personalisiert): Wie Sie mithilfe unserer Methodik die besten Leads aus mehreren KPIs identifizieren.","Wie können Sie mit Hilfe von Prospektionskampagnen die besten potenziellen Kunden unter mehreren idealen Kundenprofilen (ICP) identifizieren?","5"
"https://devlo.ch/de/fallstudien/stadtreinigung-71-termine/","200","text/html; charset=UTF-8","de-DE","Wie dieses Reinigungsunternehmen 71 qualifizierte Termine mit B2B-Entscheidungsträgern in Großstädten in der Schweiz, Frankreich und Belgien vereinbaren konnte. - Schweizer B2B-Akquiseagentur | +200 Leads/Monat | devlo","Wie dieses Unternehmen für Reinigungsmanagement 71 Treffen mit Top-Entscheidungsträgern in den größten Städten der Schweiz, Frankreichs und Belgiens organisiert hat.","https://devlo.ch/de/fallstudien/stadtreinigung-71-termine/","self","index, follow, max-image-preview:large, max-snippet:-1, max-video-preview:-1","B2B-Agentur für Geschäftsanbahnung und Leadgenerierung: Wie dieses Unternehmen 71 qualifizierte Termine mit Städten in Europa erhalten hat.","Wie dieses Unternehmen für Reinigungsmanagement 71 Treffen mit Top-Entscheidungsträgern in den größten Städten der Schweiz, Frankreichs und Belgiens organisiert hat.","5"
"https://devlo.ch/de/fallstudien/mobilitat-40-interessenten/","200","text/html; charset=UTF-8","de-DE","+40 interessierte potenzielle Kunden von 286 Unternehmen, die per E-Mail, Telefon und LinkedIn-Akquise angesprochen wurden – Agentur für B2B-Akquise in der Schweiz | +200 Leads/Monat | devlo","+40 interessierte Leads von 286 Unternehmen, die per E-Mail, Telefonanruf und LinkedIn-Akquise akquiriert wurden","https://devlo.ch/de/fallstudien/mobilitat-40-interessenten/","self","index, follow, max-image-preview:large, max-snippet:-1, max-video-preview:-1","B2B Sales Prospecting Agency: wie dieser Kunde über 40 qualifizierte Leads erreicht hat (E-Mail-Sequenzen, Anrufe, LinkedIn Outreach)","+40 interessierte Leads von 286 Unternehmen, die per E-Mail, Telefonanruf und LinkedIn-Akquise akquiriert wurden","5"
"https://devlo.ch/de/fallstudien/biodiversitat-70-termine/","200","text/html; charset=UTF-8","de-DE","Wie dieser Verband seine Kundenakquise ausgelagert und 70 qualifizierte Termine mit Unternehmen wie UEFA, TAG Heuer, Rothschild usw. vereinbart hat – Schweizer B2B-Akquiseagentur | +200 Leads/Monat | devlo","Wie dieser Verein seine Kundenakquise auslagerte und 70 qualifizierte Termine mit Unternehmen wie UEFA, TAG Heuer, Rothschild usw. erhielt.","https://devlo.ch/de/fallstudien/biodiversitat-70-termine/","self","index, follow, max-image-preview:large, max-snippet:-1, max-video-preview:-1","Prospektionsagentur: Wie dieses B2B-Unternehmen seine Kundenakquise auslagerte und 70 qualifizierte Termine mit Entscheidungsträgern erhielt.","Wie dieser Verein seine Kundenakquise auslagerte und 70 qualifizierte Termine mit Unternehmen wie UEFA, TAG Heuer, Rothschild usw. erhielt.","5"
"https://devlo.ch/de/fallstudien/cybersicherheit-4500-unternehmen/","200","text/html; charset=UTF-8","de-DE","B2B-Cybersicherheit: Agentur für E-Mail- und LinkedIn-Vertriebsakquise – B2B-Outbound-Agentur Schweiz | +200 Leads/Monat | devlo","Cybersecurity B2B: Agentur für E-Mail-, LinkedIn- und Kaltakquise-Verkaufsprospektion in der Cybersicherheit","https://devlo.ch/de/fallstudien/cybersicherheit-4500-unternehmen/","self","index, follow, max-image-preview:large, max-snippet:-1, max-video-preview:-1","B2B Cybersecurity: Agentur für E-Mail- und Telefonmarketing. Generierung von Leads und Terminvereinbarungen.","Cybersecurity B2B: Agentur für E-Mail-, LinkedIn- und Kaltakquise-Verkaufsprospektion in der Cybersicherheit","5"
"https://devlo.ch/de/fallstudien/av-integration-16-termine/","200","text/html; charset=UTF-8","de-DE","Schweizer B2B-Akquiseagentur | +200 Leads/Monat | devlo – Generierung qualifizierter Leads für diesen audiovisuellen Integrator","Wie dieser AV-Integrator dank unserer B2B-Agentur für Geschäftsanbahnung 16 qualifizierte Termine erhielt","https://devlo.ch/de/fallstudien/av-integration-16-termine/","self","index, follow, max-image-preview:large, max-snippet:-1, max-video-preview:-1","Entdecken Sie die Multichannel-Sequenz lemlist dieses audiovisuellen Integrators. Generierung von Leads und qualifizierten Terminen durch unsere B2B-Agentur für Kundenwerbung.","Wie dieser AV-Integrator dank unserer B2B-Agentur für Geschäftsanbahnung 16 qualifizierte Termine erhielt","5"
"https://devlo.ch/de/fallstudien/gewerbeimmobilien-11-interessenten/","200","text/html; charset=UTF-8","de-DE","Immobilien und B2B-Akquise: Wie man potenzielle Kunden für die Vermietung von Gewerbeflächen anspricht und akquiriert – Agentur für B2B-Akquise in der Schweiz | +200 Leads/Monat | devlo","Immobilien im B2B-Geschäft: Wie Sie potenzielle Kunden für die Vermietung von Gewerbeflächen ansprechen und für sich gewinnen können","https://devlo.ch/de/fallstudien/gewerbeimmobilien-11-interessenten/","self","index, follow, max-image-preview:large, max-snippet:-1, max-video-preview:-1","Immobilien im B2B-Geschäft: Wie Sie potenzielle Kunden für die Vermietung von Gewerbeflächen ansprechen und für sich gewinnen können","Immobilien im B2B-Geschäft: Wie Sie potenzielle Kunden für die Vermietung von Gewerbeflächen ansprechen und für sich gewinnen können","7"
"https://devlo.ch/de/fallstudien/training-14-termine/","200","text/html; charset=UTF-8","de-DE","Planung von B2B-Terminen mit Entscheidungsträgern im Bereich „Ausbildung und Kompetenzentwicklung“ (L&D): 45 % der potenziellen Kunden antworten [Agentur für B2B-Akquise] – Agentur für B2B-Akquise in der Schweiz | +200 Leads/Monat | devlo","Planung von B2B-Terminen mit Entscheidungsträgern im Bereich Ausbildung und Kompetenzentwicklung (L&D): 50% der Interessenten antworten [Agentur für B2B-Geschäftsentwicklung]","https://devlo.ch/de/fallstudien/training-14-termine/","self","index, follow, max-image-preview:large, max-snippet:-1, max-video-preview:-1","Erfahren Sie, wie wir qualifizierte Termine bei Schweizer L&D-Entscheidern gebucht und eine beeindruckende Rücklaufquote von 45% auf unsere Kaltakquise erreicht haben.","Planung von B2B-Terminen mit Entscheidungsträgern im Bereich Ausbildung und Kompetenzentwicklung (L&D): 50% der Interessenten antworten [Agentur für B2B-Geschäftsentwicklung]","5"
"https://devlo.ch/de/fallstudien/hr-54-termine-dach/","200","text/html; charset=UTF-8","de-DE","Einzigartige B2B-Leadgenerierungsstrategie: Wie CareerLunch 54 Termine in der DACH-Region vereinbaren konnte, obwohl die meisten Unternehmen bereits kontaktiert worden waren – Schweizer B2B-Akquiseagentur | +200 Leads/Monat | devlo","Einzigartige Strategie zur Lead-Generierung: Wie CareerLunch 54 Meetings in DACH bekam, während die meisten Organisationen in dieser Region bereits kontaktiert wurden","https://devlo.ch/de/fallstudien/hr-54-termine-dach/","self","index, follow, max-image-preview:large, max-snippet:-1, max-video-preview:-1","Agentur für B2B-Geschäftsentwicklung: Wie dieses Unternehmen 54 qualifizierte Termine (DACH-Region) über die Multichannel-Sequenzen von lemlist erhielt","Einzigartige Strategie zur Lead-Generierung: Wie CareerLunch 54 Meetings in DACH bekam, während die meisten Organisationen in dieser Region bereits kontaktiert wurden","5"
"https://devlo.ch/de/fallstudien/merchandising-23-interessenten/","200","text/html; charset=UTF-8","de-DE","Wie dieses Merchandising-Unternehmen dank dieser B2B-Akquisesequenz 70 % Rückmeldungen und 8 % Meetings mit seinen potenziellen Kunden erzielte – Agentur für B2B-Akquise Schweiz | +200 Leads/Monat | devlo","Wie diese Merchandising-Firma mithilfe dieser B2B-Strategie eine 70% Antwortrate erreichte und 8% der kontaktieren Leads einen Termin buchte","https://devlo.ch/de/fallstudien/merchandising-23-interessenten/","self","index, follow, max-image-preview:large, max-snippet:-1, max-video-preview:-1","Wie diese Merchandising-Firma mithilfe dieser B2B-Strategie eine 70% Antwortrate erreichte und 8% der kontaktieren Leads einen Termin buchte","Wie diese Merchandising-Firma mithilfe dieser B2B-Strategie eine 70% Antwortrate erreichte und 8% der kontaktieren Leads einen Termin buchte","5"
"https://devlo.ch/de/fallstudien/immobilien-30-interessenten/","200","text/html; charset=UTF-8","de-DE","B2B-Telemarketing in der Schweizer Immobilienbranche: +30 Interessenten für einen Termin – Schweizer B2B-Akquiseagentur | +200 Leads/Monat | devlo","B2B-Telemarketing in der Schweizer Immobilienbranche: Über 30 Interessierte, die an einem Kennenlernen interessiert sind","https://devlo.ch/de/fallstudien/immobilien-30-interessenten/","self","index, follow, max-image-preview:large, max-snippet:-1, max-video-preview:-1","Découvrez comment HIAG a généré des prospects qualifiés pour Fahrwerk Winterthur grâce à une stratégie de prospection B2B ciblée et multilingue.","B2B-Telemarketing in der Schweizer Immobilienbranche: Über 30 Interessierte, die an einem Kennenlernen interessiert sind","16"
"https://devlo.ch/de/fallstudien/buchhaltungssoftware-200k-umsatz/","200","text/html; charset=UTF-8","de-DE","Wie wir einem Anbieter von Buchhaltungssoftware dank einer gezielten Multi-Channel-Outbound-Strategie zu Aufträgen im Wert von 200.000 € in Belgien verholfen haben – Schweizer B2B-Akquiseagentur | +200 Leads/Monat | devlo","Wie wir einem Unternehmen für Buchhaltungssoftware geholfen haben, durch gezielte Multi-Channel-Outbound-Maßnahmen in Belgien Geschäfte in Höhe von 200.000 Euro abzuschließen","https://devlo.ch/de/fallstudien/buchhaltungssoftware-200k-umsatz/","self","index, follow, max-image-preview:large, max-snippet:-1, max-video-preview:-1","Erfahren Sie, wie diese Buchhaltungssoftware durch 80 qualifizierte Termine mit Wirtschaftsprüfungsgesellschaften neue Aufträge im Wert von 200.000 € akquirieren konnte.","Wie wir einem Unternehmen für Buchhaltungssoftware geholfen haben, durch gezielte Multi-Channel-Outbound-Maßnahmen in Belgien Geschäfte in Höhe von 200.000 Euro abzuschließen","16"
"https://devlo.ch/de/unser-termin/","200","text/html; charset=UTF-8","de-DE","B2B-Geschäftsanbahnung: Erkunden Sie unsere Strategien zur Maximierung Ihres ROI.","Definieren Sie die Attribute des Profils Ihres idealen Kunden (ICP) oder der Buyer Persona.","https://devlo.ch/de/unser-termin/","self","index, follow, max-image-preview:large, max-snippet:-1, max-video-preview:-1","Maximieren Sie den ROI Ihrer B2B-Verkaufsprospektion. Lassen Sie uns die Ergebnisse unserer Kunden und ihre Erfolgsstrategien (LinkedIn, E-Mails, Anrufe) besprechen und untersuchen.","Unser Termin","39"
"https://devlo.ch/de/terms/","200","text/html; charset=UTF-8","de-DE","Nutzungsbedingungen - B2B-Kommerzielle Akquise-Agentur","Allgemeine Geschäftsbedingungen (AGB)","https://devlo.ch/de/terms/","self","index, follow, max-image-preview:large, max-snippet:-1, max-video-preview:-1","Lernen Sie die Regeln von Devlo kennen: AGB & Datenschutz. Erfahren Sie, wie wir Ihre Sicherheit schützen und welche Datenschutzrichtlinien wir anwenden.","Terms of service","39"
"https://devlo.ch/resultats-cas-etudes/page/2/","200","text/html; charset=UTF-8","fr-FR","Résultats & études de cas: notre agence de prospection aide ces entreprises B2B","RÉSULTATS & ÉTUDES DE CAS","https://devlo.ch/resultats-cas-etudes/","cross-page","index, follow, max-image-preview:large, max-snippet:-1, max-video-preview:-1","Découvrez les résultats et études de cas de ces campagnes de prospection commerciale. Ces entreprises B2B rencontrent des prospects qualifiés grâce à notre agence.","Résultats & études de cas: notre agence de prospection aide ces entreprises B2B","4"
"https://devlo.ch/prospection-commerciale-b2b/","200","text/html; charset=UTF-8","fr-FR","Prospection commerciale B2B : Prospecter via Cold Outreach","Prospection commerciale B2B : Comment prospecter via Cold Outreach [Ultimate Sales Training Course 2023]","https://devlo.ch/prospection-commerciale-b2b/","self","index, follow, max-image-preview:large, max-snippet:-1, max-video-preview:-1","Apprenez les meilleures techniques de prospection commerciale B2B via Cold Outreach avec notre formation ultime de vente en 2023.","Prospection commerciale B2B : Comment prospecter via Cold Outreach [Ultimate Sales Training Course 2023]","17"
"https://devlo.ch/courriel-quelquun-vendre-quelque-chose/","200","text/html; charset=UTF-8","fr-FR","Avez-vous déjà reçu un email de vente personnalisé ?","Avez-vous déjà reçu un courriel d’une personne essayant de vous vendre quelque chose ?","https://devlo.ch/courriel-quelquun-vendre-quelque-chose/","self","index, follow, max-image-preview:large, max-snippet:-1, max-video-preview:-1","Boostez vos résultats en utilisant des séquences B2B personnalisées pour engager les prospects et obtenir des réponses ciblées.","Avez-vous déjà reçu un courriel d'une personne essayant de vous vendre quelque chose ?","17"
"https://devlo.ch/developpement-ventes-peche-au-harpon/","200","text/html; charset=UTF-8","fr-FR","Développement des ventes s'apparente à la pêche au harpon","Pourquoi le développement des ventes s’apparente à la pêche au harpon","https://devlo.ch/developpement-ventes-peche-au-harpon/","self","index, follow, max-image-preview:large, max-snippet:-1, max-video-preview:-1","Développez vos ventes B2B en ciblant efficacement vos prises et en augmentant votre chiffre d'affaires grâce à notre expertise.","Pourquoi le développement des ventes s'apparente à la pêche au harpon","17"
"https://devlo.ch/lancement-devlo-partenaire-de-confiance-generation-de-prospects/","200","text/html; charset=UTF-8","fr-FR","Joyeux mercredi et bonne année - Agence Prospection B2B Suisse | +200 Leads/Mois | devlo","🎊 Joyeux mercredi et bonne année 🎊","https://devlo.ch/lancement-devlo-partenaire-de-confiance-generation-de-prospects/","self","index, follow, max-image-preview:large, max-snippet:-1, max-video-preview:-1","Obtenez des conseils pour augmenter votre nombre de prospects en visitant notre site web et en suivant notre page LinkedIn.","🎊 Joyeux mercredi et bonne année 🎊","10"
"https://devlo.ch/externaliser-le-developpement-des-ventes-b2b-comment-eviter-les-depenses-excessives/","200","text/html; charset=UTF-8","fr-FR","Externalisation des Ventes B2B : Comment Maîtriser les Coûts","Externaliser le développement des ventes B2B: Comment éviter les dépenses excessives en 2023","https://devlo.ch/externaliser-le-developpement-des-ventes-b2b-comment-eviter-les-depenses-excessives/","self","index, follow, max-image-preview:large, max-snippet:-1, max-video-preview:-1","Restez en avance dans le développement des ventes B2B sans dépenser excessivement - découvrez nos services d'externalisation pour 2024.","Externaliser le développement des ventes B2B: Comment éviter les dépenses excessives en 2023","7"
"https://devlo.ch/5-raisons-pour-lesquelles-la-prospection-commerciale-b2b-est-cruciale/","200","text/html; charset=UTF-8","fr-FR","Prospection B2B en 2023 : Essentiel pour 5 Raisons Éprouvées","Prospection B2B: Essentiel en 2023 pour 5 raisons prouvées","https://devlo.ch/5-raisons-pour-lesquelles-la-prospection-commerciale-b2b-est-cruciale/","self","index, follow, max-image-preview:large, max-snippet:-1, max-video-preview:-1","Découvrez les 5 raisons pour lesquelles la prospection commerciale est essentielle pour chaque entreprise B2B. Améliorez vos ventes.","Prospection B2B: Essentiel en 2023 pour 5 raisons prouvées","7"
"https://devlo.ch/oui-a-reduction-friction-commerciale/","200","text/html; charset=UTF-8","fr-FR","Oui à la réduction des freins à la vente - devlo","Oui à la réduction des freins à la vente👌","https://devlo.ch/oui-a-reduction-friction-commerciale/","self","index, follow, max-image-preview:large, max-snippet:-1, max-video-preview:-1","Découvrez comment optimiser vos ventes en réduisant les frictions. Nos experts vous proposent des solutions pratiques pour un chiffre d'affaires plus élevé.","Oui à la réduction des freins à la vente👌","7"
"https://devlo.ch/personnalisation-digitalisation-sont-si-importantes/","200","text/html; charset=UTF-8","fr-FR","Pourquoi la Personnalisation et la Digitalisation Sont Essentielles ?","Pourquoi la #personnalisation et la #digitalisation sont-elles si importantes ?","https://devlo.ch/personnalisation-digitalisation-sont-si-importantes/","self","index, follow, max-image-preview:large, max-snippet:-1, max-video-preview:-1","Découvrez l'importance de la personnalisation et de la numérisation dans les ventes B2B. Apprenez à impliquer votre public cible et à adopter une approche numérique.","Pourquoi la #personnalisation et la #digitalisation sont-elles si importantes ?","7"
"https://devlo.ch/indicateurs-de-performance-elimines-2020/","200","text/html; charset=UTF-8","fr-FR","Les Indicateurs de Performance Clés (KPIs) Supprimés en 2020","Quels sont les indicateurs de performance clés qui ont été éliminés en 2020 ?","https://devlo.ch/indicateurs-de-performance-elimines-2020/","self","index, follow, max-image-preview:large, max-snippet:-1, max-video-preview:-1","Ne manquez pas les ICP supprimés en 2020 et les nouveaux prévus pour 2021 dans le post LinkedIn de Tiffani Bova. Restez à jour !","Quels sont les indicateurs de performance clés qui ont été éliminés en 2020 ?","7"
"https://devlo.ch/2020-leaders-equipes-vente-b2b/","200","text/html; charset=UTF-8","fr-FR","Les Leçons de 2020 pour les Leaders et les Équipes de Vente B2B","Ce que 2020 a appris aux leaders et aux équipes de vente B2B","https://devlo.ch/2020-leaders-equipes-vente-b2b/","self","index, follow, max-image-preview:large, max-snippet:-1, max-video-preview:-1","Comprenez comment 2020 humanise les ventes B2B et tirez des leçons clés pour réussir en 2021 avec l'acheteur et la transformation numérique.","Ce que 2020 a appris aux leaders et aux équipes de vente B2B","7"
"https://devlo.ch/mark-roberge-predictions-prescriptions-2021/","200","text/html; charset=UTF-8","fr-FR","M.Roberge partage ses ""prédictions et prescriptions pour 2021""","Mark Roberge partage ses « prédictions et prescriptions pour 2021 »","https://devlo.ch/mark-roberge-predictions-prescriptions-2021/","self","index, follow, max-image-preview:large, max-snippet:-1, max-video-preview:-1","Familiarisez-vous avec les prédictions et directives de Mark Roberge pour 2021 et préparez-vous à une année remplie de réussite.","Mark Roberge partage ses ""prédictions et prescriptions pour 2021""","6"
"https://devlo.ch/en/results_cas_studies/page/2/","200","text/html; charset=UTF-8","en-US","Results & case studies: our B2B Lead Generation agency helps these companies","RESULTS & CASE STUDIES","https://devlo.ch/en/results_cas_studies/","cross-page","index, follow, max-image-preview:large, max-snippet:-1, max-video-preview:-1","Discover the results and case studies of these cold outreach campaigns. These B2B companies meet qualified prospects thanks to our prospecting agency.","Results & case studies: our B2B Lead Generation agency helps these companies","4"
"https://devlo.ch/blog/","200","text/html; charset=UTF-8","fr-FR","Blog - Agence Prospection B2B Suisse | +200 Leads/Mois | devlo","Blog","https://devlo.ch/blog/","self","index, follow, max-image-preview:large, max-snippet:-1, max-video-preview:-1","Découvrez le blog devlo.ch pour des conseils sur le développement commercial, la génération de prospects et les tendances télémarketing.","Blog","3"
"https://devlo.ch/en/author/charlesperret/","200","text/html; charset=UTF-8","en-US","charlesperret, Author at Agence Prospection B2B Suisse | +200 Leads/Mois | devlo","","","missing","noindex, follow","CEO @ devlo | B2B Sales Strategy & Training, Sales Growth, Ultra-targeted Lead Generation, Outbound campaigns","charlesperret","19"
"https://devlo.ch/en/ultimate-sales-training-course/","200","text/html; charset=UTF-8","en-US","B2B Sales Prospecting: How to Prospect via Cold Outreach","B2B Sales Prospecting: How to prospect via Cold Outreach [Ultimate Sales Training Course 2023]","https://devlo.ch/en/ultimate-sales-training-course/","self","index, follow, max-image-preview:large, max-snippet:-1, max-video-preview:-1","Master B2B sales prospecting through effective cold outreach strategies. Explore insights for B2B salespersons to enhance your prospecting skills.","B2B Sales Prospecting: How to prospect via Cold Outreach [Ultimate Sales Training Course 2023]","16"
"https://devlo.ch/en/category/b2b/","200","text/html; charset=UTF-8","en-US","B2B Archives - Agence Prospection B2B Suisse | +200 Leads/Mois | devlo","","","missing","noindex, follow","Votre partenaire commercial de confiance #1 pour le développement des ventes B2B : Génération de leads, sensibilisation, campagnes d'appels sortants, leads qualifiés.","Archives des B2B","19"
"https://devlo.ch/en/personalized-b2b-sales-sequences/","200","text/html; charset=UTF-8","en-US","Have you ever received a personalized sales email?","Have you ever received an email from someone trying to sell you something?","https://devlo.ch/en/personalized-b2b-sales-sequences/","self","index, follow, max-image-preview:large, max-snippet:-1, max-video-preview:-1","Unlock the power of personalized B2B sales emails. Boost engagement and response rates. Click here to explore effective strategies.","Have you ever received an email from someone trying to sell you something?","16"
"https://devlo.ch/en/sales-development-is-like-spearfishing/","200","text/html; charset=UTF-8","en-US","Why Sales Development Is Like Spearfishing","Why Sales Development Is Like Spearfishing","https://devlo.ch/en/sales-development-is-like-spearfishing/","self","index, follow, max-image-preview:large, max-snippet:-1, max-video-preview:-1","Just like spearfishing, sales development helps target your catches, increase scalability, and eventually boost your B2B revenue.","Why Sales Development Is Like Spearfishing","16"
"https://devlo.ch/en/devlo-b2b-lead-generation-partner/","200","text/html; charset=UTF-8","en-US","Joyeux mercredi et bonne année - Agence Prospection B2B Suisse | +200 Leads/Mois | devlo","🎊 Happy Wednesday and Happy New Year 🎊","https://devlo.ch/en/devlo-b2b-lead-generation-partner/","self","index, follow, max-image-preview:large, max-snippet:-1, max-video-preview:-1","Enhance your prospecting skills and expand your customer reach by connecting with us on LinkedIn and exploring our website.","🎊 Happy Wednesday and Happy New Year 🎊","9"
"https://devlo.ch/en/outsourcing-b2b-sales-development-avoid-overspending/","200","text/html; charset=UTF-8","en-US","Outsourcing B2B Sales: How to Control Costs","Outsourcing B2B Sales Development: How to Avoid Overspending in 2023","https://devlo.ch/en/outsourcing-b2b-sales-development-avoid-overspending/","self","index, follow, max-image-preview:large, max-snippet:-1, max-video-preview:-1","Boost your B2B sales development in 2024 with our cost-effective outsourcing services - stay ahead of the game without breaking the bank!","Outsourcing B2B Sales Development: How to Avoid Overspending in 2023","6"
"https://devlo.ch/en/5-reasons-why-b2b-sales-prospecting-is-essential/","200","text/html; charset=UTF-8","en-US","B2B Prospecting in 2023: Essential for 5 Proven Reasons","Prospection B2B: Essentiel en 2023 pour 5 raisons prouvées","https://devlo.ch/en/5-reasons-why-b2b-sales-prospecting-is-essential/","self","index, follow, max-image-preview:large, max-snippet:-1, max-video-preview:-1","Maximize your B2B sales growth by understanding the 5 crucial reasons why sales prospecting is indispensable. Check them out!","Prospection B2B: Essentiel en 2023 pour 5 raisons prouvées","6"
"https://devlo.ch/en/yes-to-reducing-sales-friction/","200","text/html; charset=UTF-8","en-US","Yes to reducing sales barriers - Devlo","Yes to Reducing Sales Friction 👌","https://devlo.ch/en/yes-to-reducing-sales-friction/","self","index, follow, max-image-preview:large, max-snippet:-1, max-video-preview:-1","Optimize your sales and increase revenue by implementing practical solutions that reduce friction, guided by our expert advice.","Yes to Reducing Sales Friction 👌","6"
"https://devlo.ch/en/personalisation-digitalisation-are-so-important/","200","text/html; charset=UTF-8","en-US","Why Personalization and Digitalization Are Essential?","Why Are #Personalisation and #Digitalisation so Important?","https://devlo.ch/en/personalisation-digitalisation-are-so-important/","self","index, follow, max-image-preview:large, max-snippet:-1, max-video-preview:-1","Discover the importance of personalisation and digitalisation in B2B sales. Learn how to engage your target audience and embrace digital outreach.","Why Are #Personalisation and #Digitalisation so Important?","6"
"https://devlo.ch/en/eliminated-kpis-in-2020/","200","text/html; charset=UTF-8","en-US","Key Performance Indicators (KPIs) Removed in 2020","What KPIs Were Eliminated in 2020?","https://devlo.ch/en/eliminated-kpis-in-2020/","self","index, follow, max-image-preview:large, max-snippet:-1, max-video-preview:-1","Explore Tiffani Bova's LinkedIn post to learn about the KPIs removed in 2020 and the upcoming ones planned for 2021. Check it out!","What KPIs Were Eliminated in 2020?","6"
"https://devlo.ch/en/2020-b2b-sales-leaders-teams/","200","text/html; charset=UTF-8","en-US","Lessons from 2020 for B2B Sales Leaders and Teams","What 2020 Taught B2B Sales Leaders And Teams","https://devlo.ch/en/2020-b2b-sales-leaders-teams/","self","index, follow, max-image-preview:large, max-snippet:-1, max-video-preview:-1","Learn how 2020 humanized B2B sales and gain key insights for success in 2021 with buyer insights and digital transformation.","What 2020 Taught B2B Sales Leaders And Teams","6"
"https://devlo.ch/de/ergebnisse_fall_studien/page/2/","200","text/html; charset=UTF-8","de-DE","Ergebnisse & Fallstudien: Unsere B2B-Lead-Generierungsagentur hilft diesen Unternehmen","ERGEBNISSE & FALLSTUDIEN","https://devlo.ch/de/ergebnisse_fall_studien/","cross-page","index, follow, max-image-preview:large, max-snippet:-1, max-video-preview:-1","Erfahren Sie mehr über die Ergebnisse und Fallstudien dieser Kampagnen zur Geschäftsanbahnung. Diese B2B-Unternehmen treffen dank unserer Agentur auf qualifizierte Interessenten.","Ergebnisse & Fallstudien: Unsere B2B-Lead-Generierungsagentur hilft diesen Unternehmen","4"
"https://devlo.ch/de/author/charlesperret/","200","text/html; charset=UTF-8","de-DE","charlesperret, Author at Agence Prospection B2B Suisse | +200 Leads/Mois | devlo","","","missing","noindex, follow","CEO @ devlo | B2B Sales Strategy & Training, Sales Growth, Ultra-targeted Lead Generation, Outbound campaigns","charlesperret","19"
"https://devlo.ch/de/ultimativer-verkaufstrainingskurs/","200","text/html; charset=UTF-8","de-DE","B2B-Vertriebsakquise: Wie Sie über Cold Outreach akquirieren","B2B-Geschäftsentwicklung: Wie Sie mit Kaltakquise gewinnen können [Ultimativer Verkaufstrainingskurs 2023]","https://devlo.ch/de/ultimativer-verkaufstrainingskurs/","self","index, follow, max-image-preview:large, max-snippet:-1, max-video-preview:-1","Entdecken Sie wertvolle Einblicke und effektive Kaltakquise-Strategien, um Ihre Fähigkeiten im B2B-Vertrieb zu verbessern.","B2B-Geschäftsentwicklung: Wie Sie mit Kaltakquise gewinnen können [Ultimativer Verkaufstrainingskurs 2023]","16"
"https://devlo.ch/de/category/b2b/","200","text/html; charset=UTF-8","de-DE","B2B Archives - Agence Prospection B2B Suisse | +200 Leads/Mois | devlo","","","missing","noindex, follow","Votre partenaire commercial de confiance #1 pour le développement des ventes B2B : Génération de leads, sensibilisation, campagnes d'appels sortants, leads qualifiés.","Archives des B2B","19"
"https://devlo.ch/de/courriel-quelquun-vendre-quelque-chose/","200","text/html; charset=UTF-8","de-DE","Haben Sie bereits eine personalisierte Verkaufs-E-Mail erhalten?","Avez-vous déjà reçu un courriel d’une personne essayant de vous vendre quelque chose ?","https://devlo.ch/de/courriel-quelquun-vendre-quelque-chose/","self","index, follow, max-image-preview:large, max-snippet:-1, max-video-preview:-1","Entdecken Sie die Kraft personalisierter B2B-Verkaufsemails. Steigern Sie Engagement und Antwortraten. Effektive Strategien mit Devlo.","Avez-vous déjà reçu un courriel d'une personne essayant de vous vendre quelque chose ?","16"
"https://devlo.ch/de/developpement-ventes-peche-au-harpon/","200","text/html; charset=UTF-8","de-DE","Warum Verkaufsentwicklung der Harpunenfischerei ähnelt","Pourquoi le développement des ventes s’apparente à la pêche au harpon","https://devlo.ch/de/developpement-ventes-peche-au-harpon/","self","index, follow, max-image-preview:large, max-snippet:-1, max-video-preview:-1","Erreichen Sie Ihre Fangziele und steigern Sie Ihren B2B-Umsatz mit der Vertriebsentwicklung - ganz ähnlich wie beim Harpunenfischen!","Pourquoi le développement des ventes s'apparente à la pêche au harpon","16"
"https://devlo.ch/de/lancement-devlo-partenaire-de-confiance-generation-de-prospects/","200","text/html; charset=UTF-8","de-DE","Joyeux mercredi et bonne année - Agence Prospection B2B Suisse | +200 Leads/Mois | devlo","🎊 Frohen Mittwoch und ein gutes neues Jahr 🎊.","https://devlo.ch/de/lancement-devlo-partenaire-de-confiance-generation-de-prospects/","self","index, follow, max-image-preview:large, max-snippet:-1, max-video-preview:-1","Wenn Sie lernen möchten, wie Sie mehr Interessenten gewinnen können, folgen Sie unserer LinkedIn-Seite und besuchen Sie unsere Website.","🎊 Frohen Mittwoch und ein gutes neues Jahr 🎊.","9"
"https://devlo.ch/de/externaliser-le-developpement-des-ventes-b2b-comment-eviter-les-depenses-excessives/","200","text/html; charset=UTF-8","de-DE","Outsourcing im B2B-Vertrieb: Wie man die Kosten beherrscht","Auslagern der B2B-Verkaufsentwicklung: So vermeiden Sie überhöhte Ausgaben im Jahr 2023","https://devlo.ch/de/externaliser-le-developpement-des-ventes-b2b-comment-eviter-les-depenses-excessives/","self","index, follow, max-image-preview:large, max-snippet:-1, max-video-preview:-1","Bleiben Sie im B2B-Vertriebsentwicklungsprozess voraus, ohne zu viel auszugeben - entdecken Sie unsere Outsourcing-Services für 2024.","Auslagern der B2B-Verkaufsentwicklung: So vermeiden Sie überhöhte Ausgaben im Jahr 2023","6"
"https://devlo.ch/de/5-raisons-pour-lesquelles-la-prospection-commerciale-b2b-est-cruciale/","200","text/html; charset=UTF-8","de-DE","B2B-Akquise im Jahr 2023: Wesentlich aus 5 bewährten Gründen","B2B-Vekaufsförderung: 2023 aus fünf Gründen unerlässlich","https://devlo.ch/de/5-raisons-pour-lesquelles-la-prospection-commerciale-b2b-est-cruciale/","self","index, follow, max-image-preview:large, max-snippet:-1, max-video-preview:-1","Erfahren Sie die 5 Gründe, warum die Neukundenakquise für jedes B2B-Unternehmen unverzichtbar ist. Steigern Sie Ihre Verkäufe.","B2B-Vekaufsförderung: 2023 aus fünf Gründen unerlässlich","6"
"https://devlo.ch/de/oui-a-reduction-friction-commerciale/","200","text/html; charset=UTF-8","de-DE","Ja zur Reduzierung von Verkaufshemmnissen - Devlo","Ja zum Abbau von Verkaufsbremsen👌.","https://devlo.ch/de/oui-a-reduction-friction-commerciale/","self","index, follow, max-image-preview:large, max-snippet:-1, max-video-preview:-1","Erfahren Sie, wie Sie Ihre Verkäufe durch Reduzierung von Reibungsverlusten optimieren können. Unsere Experten bieten praktische Lösungen für höhere Umsätze.","Ja zum Abbau von Verkaufsbremsen👌.","6"
"https://devlo.ch/de/personnalisation-digitalisation-sont-si-importantes/","200","text/html; charset=UTF-8","de-DE","Warum Personalisierung und Digitalisierung entscheidend sind?","Warum sind #Personalisierung und #Digitalisierung so wichtig?","https://devlo.ch/de/personnalisation-digitalisation-sont-si-importantes/","self","index, follow, max-image-preview:large, max-snippet:-1, max-video-preview:-1","Erfahren Sie die Bedeutung von Personalisierung und Digitalisierung im B2B-Vertrieb. Lernen Sie, wie Sie Ihre Zielgruppe ansprechen.","Warum sind #Personalisierung und #Digitalisierung so wichtig?","6"
"https://devlo.ch/de/indicateurs-de-performance-elimines-2020/","200","text/html; charset=UTF-8","de-DE","Kennzahlen zur Leistungsbeurteilung (KPIs) im Jahr 2020 gestrichen","Quels sont les indicateurs de performance clés qui ont été éliminés en 2020 ?","https://devlo.ch/de/indicateurs-de-performance-elimines-2020/","self","index, follow, max-image-preview:large, max-snippet:-1, max-video-preview:-1","Entdecken Sie die neuesten Informationen zu den entfernten ICPs von 2020 und den geplanten neuen für 2021 in Tiffani Bova's LinkedIn-Beitrag.","Quels sont les indicateurs de performance clés qui ont été éliminés en 2020 ?","6"
"https://devlo.ch/de/2020-leaders-equipes-vente-b2b/","200","text/html; charset=UTF-8","de-DE","Lektionen aus dem Jahr 2020 für B2B-Vertriebsführungskräfte und -teams","Ce que 2020 a appris aux leaders et aux équipes de vente B2B","https://devlo.ch/de/2020-leaders-equipes-vente-b2b/","self","index, follow, max-image-preview:large, max-snippet:-1, max-video-preview:-1","Entdecken Sie, wie der B2B-Verkauf 2020 menschlicher wurde und gewinnen Sie wertvolle Erkenntnisse für den Erfolg im Jahr 2021.","Ce que 2020 a appris aux leaders et aux équipes de vente B2B","6"
"https://devlo.ch/resultats-cas-etudes/page/1/","301","text/html; charset=UTF-8","","","","","missing","","","","1"
"https://devlo.ch/author/charlesperret/","200","text/html; charset=UTF-8","fr-FR","charlesperret, Author at Agence Prospection B2B Suisse | +200 Leads/Mois | devlo","","","missing","noindex, follow","CEO @ devlo | B2B Sales Strategy & Training, Sales Growth, Ultra-targeted Lead Generation, Outbound campaigns","charlesperret","19"
"https://devlo.ch/category/b2b/","200","text/html; charset=UTF-8","fr-FR","B2B Archives - Agence Prospection B2B Suisse | +200 Leads/Mois | devlo","","","missing","noindex, follow","Votre partenaire commercial de confiance #1 pour le développement des ventes B2B : Génération de leads, sensibilisation, campagnes d'appels sortants, leads qualifiés.","Archives des B2B","19"
"https://devlo.ch/et_body_layout/theme-builder-layout/","301","text/html; charset=UTF-8","","","","","missing","","","","10"
"https://devlo.ch/en/mark-roberge-predictions-prescriptions-2021/","200","text/html; charset=UTF-8","en-US","Mark Roberge Shares His “Predictions & Prescriptions for 2021","Mark Roberge shares his “Predictions & Prescriptions for 2021”","https://devlo.ch/en/mark-roberge-predictions-prescriptions-2021/","self","index, follow, max-image-preview:large, max-snippet:-1, max-video-preview:-1","Familiarize yourself with Mark Roberge's predictions and guidelines for 2021 and get ready for a year filled with success. Find out more!","Mark Roberge Shares His “Predictions & Prescriptions for 2021”","5"
"https://devlo.ch/de/mark-roberge-predictions-prescriptions-2021/","200","text/html; charset=UTF-8","de-DE","Mark Roberge teilt 'Prognosen und Einblicke für 2021'","Mark Roberge partage ses « prédictions et prescriptions pour 2021 »","https://devlo.ch/de/mark-roberge-predictions-prescriptions-2021/","self","index, follow, max-image-preview:large, max-snippet:-1, max-video-preview:-1","Machen Sie sich mit den Vorhersagen und Richtlinien von Mark Roberge für 2021 vertraut und bereiten Sie sich auf ein erfolgreiches Jahr vor.","Mark Roberge partage ses ""prédictions et prescriptions pour 2021""","5"
"https://devlo.ch/en/results_cas_studies/page/1/","301","text/html; charset=UTF-8","","","","","missing","","","","1"
"https://devlo.ch/en/author/charlesperret/page/2/","200","text/html; charset=UTF-8","en-US","charlesperret, Author at Agence Prospection B2B Suisse | +200 Leads/Mois | devlo - Page 2 of 3","","","missing","noindex, follow","CEO @ devlo | B2B Sales Strategy & Training, Sales Growth, Ultra-targeted Lead Generation, Outbound campaigns","charlesperret","5"
"https://devlo.ch/en/category/b2b/page/2/","200","text/html; charset=UTF-8","en-US","B2B Archives - Page 2 of 2 - Agence Prospection B2B Suisse | +200 Leads/Mois | devlo","","","missing","noindex, follow","Votre partenaire commercial de confiance #1 pour le développement des ventes B2B : Génération de leads, sensibilisation, campagnes d'appels sortants, leads qualifiés.","Archives des B2B","4"
"https://devlo.ch/en/et_body_layout/theme-builder-layout/","301","text/html; charset=UTF-8","","","","","missing","","","","10"
"https://devlo.ch/de/ergebnisse_fall_studien/page/1/","301","text/html; charset=UTF-8","","","","","missing","","","","1"
"https://devlo.ch/de/author/charlesperret/page/2/","200","text/html; charset=UTF-8","de-DE","charlesperret, Author at Agence Prospection B2B Suisse | +200 Leads/Mois | devlo - Seite 2 von 3","","","missing","noindex, follow","CEO @ devlo | B2B Sales Strategy & Training, Sales Growth, Ultra-targeted Lead Generation, Outbound campaigns","charlesperret","5"
"https://devlo.ch/de/category/b2b/page/2/","200","text/html; charset=UTF-8","de-DE","B2B Archives - Seite 2 von 2 - Agence Prospection B2B Suisse | +200 Leads/Mois | devlo","","","missing","noindex, follow","Votre partenaire commercial de confiance #1 pour le développement des ventes B2B : Génération de leads, sensibilisation, campagnes d'appels sortants, leads qualifiés.","Archives des B2B","4"
"https://devlo.ch/de/et_body_layout/theme-builder-layout/","301","text/html; charset=UTF-8","","","","","missing","","","","10"
"https://devlo.ch/author/charlesperret/page/2/","200","text/html; charset=UTF-8","fr-FR","charlesperret, Author at Agence Prospection B2B Suisse | +200 Leads/Mois | devlo - Page 2 sur 3","","","missing","noindex, follow","CEO @ devlo | B2B Sales Strategy & Training, Sales Growth, Ultra-targeted Lead Generation, Outbound campaigns","charlesperret","5"
"https://devlo.ch/category/b2b/page/2/","200","text/html; charset=UTF-8","fr-FR","B2B Archives - Page 2 sur 2 - Agence Prospection B2B Suisse | +200 Leads/Mois | devlo","","","missing","noindex, follow","Votre partenaire commercial de confiance #1 pour le développement des ventes B2B : Génération de leads, sensibilisation, campagnes d'appels sortants, leads qualifiés.","Archives des B2B","4"
"https://devlo.ch/en/author/charlesperret/page/3/","200","text/html; charset=UTF-8","en-US","charlesperret, Author at Agence Prospection B2B Suisse | +200 Leads/Mois | devlo - Page 3 of 3","","","missing","noindex, follow","CEO @ devlo | B2B Sales Strategy & Training, Sales Growth, Ultra-targeted Lead Generation, Outbound campaigns","charlesperret","4"
"https://devlo.ch/de/author/charlesperret/page/3/","200","text/html; charset=UTF-8","de-DE","charlesperret, Author at Agence Prospection B2B Suisse | +200 Leads/Mois | devlo - Seite 3 von 3","","","missing","noindex, follow","CEO @ devlo | B2B Sales Strategy & Training, Sales Growth, Ultra-targeted Lead Generation, Outbound campaigns","charlesperret","4"
"https://devlo.ch/author/charlesperret/page/3/","200","text/html; charset=UTF-8","fr-FR","charlesperret, Author at Agence Prospection B2B Suisse | +200 Leads/Mois | devlo - Page 3 sur 3","","","missing","noindex, follow","CEO @ devlo | B2B Sales Strategy & Training, Sales Growth, Ultra-targeted Lead Generation, Outbound campaigns","charlesperret","4"